Cantidad de Procesos,Tiempo Promedio
25,6.1107787124808635
50,4.021670885695431
100,5.766624095202609
150,7.434638939863649
200,6.592810407036396
